{"cameraMode":{"drawMode":0,"name":"Shaded","section":"Shading Mode"},"sceneLighting":true,"audioPlay":false,"sceneViewState":{"showFog":true,"showMaterialUpdate":false,"showSkybox":true,"showFlares":true,"showImageEffects":true,"showParticleSystems":true,"showVisualEffectGraphs":true,"m_FxEnabled":true},"in2DMode":false,"pivot":{"x":-0.029869064688682557,"y":3.5506298542022707,"z":0.04584416747093201},"rotation":{"x":-0.00024286944244522601,"y":-0.9979849457740784,"z":-0.06355945765972138,"w":0.0036036954261362554},"size":0.7398588061332703,"orthographic":false}