{"cameraMode":{"drawMode":0,"name":"Shaded","section":"Shading Mode"},"sceneLighting":true,"audioPlay":false,"sceneViewState":{"showFog":true,"showMaterialUpdate":false,"showSkybox":true,"showFlares":true,"showImageEffects":true,"showParticleSystems":true,"showVisualEffectGraphs":true,"m_FxEnabled":true},"in2DMode":false,"pivot":{"x":-5.9133477210998539,"y":0.7527008056640625,"z":-11.100790023803711},"rotation":{"x":-0.007955724373459816,"y":0.9807712435722351,"z":-0.1906566172838211,"w":-0.04092549905180931},"size":1.8305878639221192,"orthographic":false}