{"cameraMode":{"drawMode":0,"name":"Shaded","section":"Shading Mode"},"sceneLighting":true,"audioPlay":false,"sceneViewState":{"showFog":true,"showMaterialUpdate":false,"showSkybox":true,"showFlares":true,"showImageEffects":true,"showParticleSystems":true,"showVisualEffectGraphs":true,"m_FxEnabled":true},"in2DMode":false,"pivot":{"x":15.763654708862305,"y":3.8931846618652345,"z":2.296194076538086},"rotation":{"x":0.08329712599515915,"y":0.1863553375005722,"z":-0.015893539413809778,"w":0.9788574576377869},"size":17.281661987304689,"orthographic":false}