{"cameraMode":{"drawMode":0,"name":"Shaded","section":"Shading Mode"},"sceneLighting":true,"audioPlay":false,"sceneViewState":{"showFog":true,"showMaterialUpdate":false,"showSkybox":true,"showFlares":true,"showImageEffects":true,"showParticleSystems":true,"showVisualEffectGraphs":true,"m_FxEnabled":true},"in2DMode":false,"pivot":{"x":-0.029868870973587037,"y":3.2696292400360109,"z":0.04584325850009918},"rotation":{"x":-0.006081236060708761,"y":0.984252393245697,"z":0.03456436097621918,"w":0.17331014573574067},"size":1.5662797689437867,"orthographic":false}