{"cameraMode":{"drawMode":0,"name":"Shaded","section":"Shading Mode"},"sceneLighting":false,"audioPlay":false,"sceneViewState":{"showFog":true,"showMaterialUpdate":false,"showSkybox":false,"showFlares":true,"showImageEffects":true,"showParticleSystems":true,"showVisualEffectGraphs":true,"m_FxEnabled":true},"in2DMode":false,"pivot":{"x":0.008129596710205078,"y":0.32220524549484255,"z":-1.117596983909607},"rotation":{"x":-0.1071658506989479,"y":0.8670283555984497,"z":-0.21217642724514008,"w":-0.43792107701301577},"size":0.5156980156898499,"orthographic":false}