{"cameraMode":{"drawMode":0,"name":"Shaded","section":"Shading Mode"},"sceneLighting":true,"audioPlay":false,"sceneViewState":{"showFog":true,"showMaterialUpdate":false,"showSkybox":true,"showFlares":true,"showImageEffects":true,"showParticleSystems":true,"showVisualEffectGraphs":true,"m_FxEnabled":true},"in2DMode":false,"pivot":{"x":-22.179922103881837,"y":0.4052235186100006,"z":-16.909297943115236},"rotation":{"x":0.05034797266125679,"y":0.1587577760219574,"z":-0.00799756869673729,"w":0.9860376119613648},"size":0.7521594166755676,"orthographic":false}