{"cameraMode":{"drawMode":0,"name":"Shaded","section":"Shading Mode"},"sceneLighting":true,"audioPlay":false,"sceneViewState":{"showFog":true,"showMaterialUpdate":false,"showSkybox":true,"showFlares":true,"showImageEffects":true,"showParticleSystems":true,"showVisualEffectGraphs":true,"m_FxEnabled":true},"in2DMode":false,"pivot":{"x":-1.2100000381469727,"y":1.2699999809265137,"z":-0.7999999523162842},"rotation":{"x":0.19149908423423768,"y":-0.22417950630187989,"z":0.044979702681303027,"w":0.9545027613639832},"size":0.8660253882408142,"orthographic":false}