{"cameraMode":{"drawMode":0,"name":"Shaded","section":"Shading Mode"},"sceneLighting":true,"audioPlay":false,"sceneViewState":{"showFog":true,"showMaterialUpdate":false,"showSkybox":true,"showFlares":true,"showImageEffects":true,"showParticleSystems":true,"showVisualEffectGraphs":true,"m_FxEnabled":true},"in2DMode":false,"pivot":{"x":0.021241646260023118,"y":1.2088232040405274,"z":-3.830281972885132},"rotation":{"x":0.20096251368522645,"y":-0.3393973708152771,"z":0.07450900226831436,"w":0.9159350991249085},"size":1.9762701988220215,"orthographic":false}