{"cameraMode":{"drawMode":0,"name":"Shaded","section":"Shading Mode"},"sceneLighting":true,"audioPlay":false,"sceneViewState":{"showFog":true,"showMaterialUpdate":false,"showSkybox":true,"showFlares":true,"showImageEffects":true,"showParticleSystems":true,"showVisualEffectGraphs":true,"m_FxEnabled":true},"in2DMode":false,"pivot":{"x":122.805908203125,"y":61.982261657714847,"z":-14.469154357910157},"rotation":{"x":0.009307105094194413,"y":0.022806989029049875,"z":-0.00021474262757692486,"w":0.9997056126594544},"size":47.27716827392578,"orthographic":false}